local authority: district / unitary (prior to April 2015);mnemonic;Approximated social grade;Approximated social grade AB;Approximated social grade C1;Approximated social grade C2;Approximated social grade DE;AB Percent;C1 Percent;C2 Percent;DE Percent
Darlington;E06000005;34354;6251;10419;7550;10134;18.2;30.33;21.98;29.5
County Durham;E06000047;161327;26241;45794;37096;52196;16.27;28.39;22.99;32.35
Hartlepool;E06000001;29791;3789;7628;7102;11272;12.72;25.61;23.84;37.84
Middlesbrough;E06000002;42957;4951;11438;9008;17560;11.53;26.63;20.97;40.88
Northumberland;E06000057;96661;18766;28745;22647;26503;19.41;29.74;23.43;27.42
Redcar and Cleveland;E06000003;41788;5565;11004;10488;14731;13.32;26.33;25.1;35.25
Stockton-on-Tees;E06000004;59245;10713;17440;13010;18082;18.08;29.44;21.96;30.52
Gateshead;E08000037;65034;11015;19373;13921;20725;16.94;29.79;21.41;31.87
Newcastle upon Tyne;E08000021;90321;18207;30144;14473;27497;20.16;33.37;16.02;30.44
North Tyneside;E08000022;66936;13189;22567;13280;17900;19.7;33.71;19.84;26.74
South Tyneside;E08000023;48307;6608;13798;11120;16781;13.68;28.56;23.02;34.74
Sunderland;E08000024;87431;11239;25987;19471;30734;12.85;29.72;22.27;35.15
Blackburn with Darwen;E06000008;44623;6400;11811;9639;16773;14.34;26.47;21.6;37.59
Blackpool;E06000009;46128;4803;14152;9709;17464;10.41;30.68;21.05;37.86
Cheshire East;E06000049;112617;33501;33768;21356;23992;29.75;29.98;18.96;21.3
Cheshire West and Chester;E06000050;100922;26020;29742;19957;25203;25.78;29.47;19.77;24.97
Halton;E06000006;40674;5573;11743;8721;14637;13.7;28.87;21.44;35.99
Warrington;E06000007;63922;15996;20113;12408;15405;25.02;31.46;19.41;24.1
Allerdale;E07000026;29120;5177;6995;7952;8996;17.78;24.02;27.31;30.89
Barrow-in-Furness;E07000027;22378;3477;5693;6090;7118;15.54;25.44;27.21;31.81
Carlisle;E07000028;34887;5462;9548;8746;11131;15.66;27.37;25.07;31.91
Copeland;E07000029;21692;3819;5526;5447;6900;17.61;25.47;25.11;31.81
Eden;E07000030;15536;3087;3952;4924;3573;19.87;25.44;31.69;23
South Lakeland;E07000031;30160;7530;8262;7983;6385;24.97;27.39;26.47;21.17
Bolton;E08000001;87425;15166;25822;18471;27966;17.35;29.54;21.13;31.99
Bury;E08000002;58376;12436;18970;11623;15347;21.3;32.5;19.91;26.29
Manchester;E08000003;171225;32996;56237;25213;56779;19.27;32.84;14.73;33.16
Oldham;E08000004;67404;9763;18716;15257;23668;14.48;27.77;22.64;35.11
Rochdale;E08000005;66578;9604;18516;14788;23670;14.43;27.81;22.21;35.55
Salford;E08000006;80197;13468;26201;15230;25298;16.79;32.67;18.99;31.54
Stockport;E08000007;87642;22610;28716;17183;19133;25.8;32.77;19.61;21.83
Tameside;E08000008;71475;9822;21632;17517;22504;13.74;30.27;24.51;31.49
Trafford;E08000009;69963;21042;22975;11689;14257;30.08;32.84;16.71;20.38
Wigan;E08000010;101771;15994;28807;24833;32137;15.72;28.31;24.4;31.58
Burnley;E07000117;28112;3584;7371;6664;10493;12.75;26.22;23.71;37.33
Chorley;E07000118;33204;8039;10211;7442;7512;24.21;30.75;22.41;22.62
Fylde;E07000119;22819;6291;7720;4022;4786;27.57;33.83;17.63;20.97
Hyndburn;E07000120;25722;3398;6977;6532;8815;13.21;27.12;25.39;34.27
Lancaster;E07000121;41123;8646;12357;9457;10663;21.02;30.05;23;25.93
Pendle;E07000122;27727;4135;6902;6961;9729;14.91;24.89;25.11;35.09
Preston;E07000123;44648;8329;13948;8793;13578;18.65;31.24;19.69;30.41
Ribble Valley;E07000124;16553;4857;4855;3905;2936;29.34;29.33;23.59;17.74
Rossendale;E07000125;22124;4463;6521;5324;5816;20.17;29.47;24.06;26.29
South Ribble;E07000126;33381;7547;11068;7783;6983;22.61;33.16;23.32;20.92
West Lancashire;E07000127;31974;6815;9713;6909;8537;21.31;30.38;21.61;26.7
Wyre;E07000128;29973;5925;9739;6978;7331;19.77;32.49;23.28;24.46
Knowsley;E08000011;45449;5020;12592;10005;17832;11.05;27.71;22.01;39.24
Liverpool;E08000012;160399;25660;51916;26357;56466;16;32.37;16.43;35.2
Sefton;E08000014;80240;15167;26566;16356;22151;18.9;33.11;20.38;27.61
St. Helens;E08000013;54466;8639;15294;12331;18202;15.86;28.08;22.64;33.42
Wirral;E08000015;99432;19004;30694;19626;30108;19.11;30.87;19.74;30.28
East Riding of Yorkshire;E06000011;97336;21830;29587;24001;21918;22.43;30.4;24.66;22.52
Kingston upon Hull, City of;E06000010;87941;9032;23000;20814;35095;10.27;26.15;23.67;39.91
North East Lincolnshire;E06000012;50818;5913;12626;12357;19922;11.64;24.85;24.32;39.2
North Lincolnshire;E06000013;51042;7993;12721;13516;16812;15.66;24.92;26.48;32.94
York;E06000014;61302;16657;19945;11352;13348;27.17;32.54;18.52;21.77
Craven;E07000163;16358;4360;4668;4203;3127;26.65;28.54;25.69;19.12
Hambleton;E07000164;25522;6789;7859;5914;4960;26.6;30.79;23.17;19.43
Harrogate;E07000165;47170;14127;15191;9424;8428;29.95;32.2;19.98;17.87
Richmondshire;E07000166;14355;3132;4983;3470;2770;21.82;34.71;24.17;19.3
Ryedale;E07000167;14615;3136;3838;4201;3440;21.46;26.26;28.74;23.54
Scarborough;E07000168;32630;5001;9082;8321;10226;15.33;27.83;25.5;31.34
Selby;E07000169;25494;5869;7592;6351;5682;23.02;29.78;24.91;22.29
Barnsley;E08000016;73515;10216;19461;18746;25092;13.9;26.47;25.5;34.13
Doncaster;E08000017;92321;12439;23976;23092;32814;13.47;25.97;25.01;35.54
Rotherham;E08000018;78165;11254;20821;19970;26120;14.4;26.64;25.55;33.42
Sheffield;E08000019;172059;35747;54805;33786;47721;20.78;31.85;19.64;27.74
Bradford;E08000032;153744;25791;44649;31629;51675;16.78;29.04;20.57;33.61
Calderdale;E08000033;66556;13810;20156;14611;17979;20.75;30.28;21.95;27.01
Kirklees;E08000034;130958;25171;38151;28505;39131;19.22;29.13;21.77;29.88
Leeds;E08000035;245614;54711;80315;46767;63821;22.28;32.7;19.04;25.98
Wakefield;E08000036;103049;15306;27855;25017;34871;14.85;27.03;24.28;33.84
Derby;E06000015;77202;14661;21887;15999;24655;18.99;28.35;20.72;31.94
Leicester;E06000016;99334;13795;28795;17919;38825;13.89;28.99;18.04;39.09
Nottingham;E06000018;101302;15168;32355;17924;35855;14.97;31.94;17.69;35.39
Rutland;E06000017;9957;3176;3095;1961;1725;31.9;31.08;19.69;17.32
Amber Valley;E07000032;37610;7793;10163;9290;10364;20.72;27.02;24.7;27.56
Bolsover;E07000033;23517;3148;6048;6085;8236;13.39;25.72;25.87;35.02
Chesterfield;E07000034;33836;5607;9700;8014;10515;16.57;28.67;23.68;31.08
Derbyshire Dales;E07000035;20400;6088;5282;5110;3920;29.84;25.89;25.05;19.22
Erewash;E07000036;35552;6391;10376;9178;9607;17.98;29.19;25.82;27.02
High Peak;E07000037;28506;6947;8151;6733;6675;24.37;28.59;23.62;23.42
North East Derbyshire;E07000038;29315;5738;8509;7338;7730;19.57;29.03;25.03;26.37
South Derbyshire;E07000039;29464;6953;8575;6973;6963;23.6;29.1;23.67;23.63
Blaby;E07000129;27761;6453;9373;6746;5189;23.24;33.76;24.3;18.69
Charnwood;E07000130;48769;11776;15698;11021;10274;24.15;32.19;22.6;21.07
Harborough;E07000131;24797;7778;7971;5120;3928;31.37;32.15;20.65;15.84
Hinckley and Bosworth;E07000132;32753;7312;10292;7807;7342;22.32;31.42;23.84;22.42
Melton;E07000133;15443;3659;4444;3748;3592;23.69;28.78;24.27;23.26
North West Leicestershire;E07000134;28471;6285;8220;7056;6910;22.08;28.87;24.78;24.27
Oadby and Wigston;E07000135;14544;3477;4716;3183;3168;23.91;32.43;21.89;21.78
Boston;E07000136;18925;2143;4384;4824;7574;11.32;23.17;25.49;40.02
East Lindsey;E07000137;38109;5443;10267;10211;12188;14.28;26.94;26.79;31.98
Lincoln;E07000138;30791;4762;9129;6602;10298;15.47;29.65;21.44;33.44
North Kesteven;E07000139;31461;6858;10593;7500;6510;21.8;33.67;23.84;20.69
South Holland;E07000140;24689;3598;6477;6815;7799;14.57;26.23;27.6;31.59
South Kesteven;E07000141;40713;9450;11974;9493;9796;23.21;29.41;23.32;24.06
West Lindsey;E07000142;26410;5588;7702;6786;6334;21.16;29.16;25.69;23.98
Corby;E07000150;19604;2298;4638;4512;8156;11.72;23.66;23.02;41.6
Daventry;E07000151;23288;6473;7137;4989;4689;27.8;30.65;21.42;20.13
East Northamptonshire;E07000152;26379;6143;7944;6570;5722;23.29;30.11;24.91;21.69
Kettering;E07000153;29869;6088;8813;7284;7684;20.38;29.51;24.39;25.73
Northampton;E07000154;70100;13406;22246;14724;19724;19.12;31.73;21;28.14
South Northamptonshire;E07000155;25485;7978;8228;5430;3849;31.3;32.29;21.31;15.1
Wellingborough;E07000156;23891;4155;6919;5616;7201;17.39;28.96;23.51;30.14
Ashfield;E07000170;37527;4797;10113;9948;12669;12.78;26.95;26.51;33.76
Bassetlaw;E07000171;33971;5581;8890;8701;10799;16.43;26.17;25.61;31.79
Broxtowe;E07000172;33502;8688;10348;6972;7494;25.93;30.89;20.81;22.37
Gedling;E07000173;35540;7679;11798;8214;7849;21.61;33.2;23.11;22.08
Mansfield;E07000174;32934;4323;8838;8446;11327;13.13;26.84;25.65;34.39
Newark and Sherwood;E07000175;34484;7264;9627;8223;9370;21.06;27.92;23.85;27.17
Rushcliffe;E07000176;32703;12816;10394;4945;4548;39.19;31.78;15.12;13.91
Herefordshire, County of;E06000019;52901;10993;14553;13884;13471;20.78;27.51;26.25;25.46
Shropshire;E06000051;88699;20148;25209;22823;20519;22.72;28.42;25.73;23.13
Stoke-on-Trent;E06000021;80955;8673;21132;19767;31383;10.71;26.1;24.42;38.77
Telford and Wrekin;E06000020;50696;9118;14347;11632;15599;17.99;28.3;22.94;30.77
Cannock Chase;E07000192;30312;4400;8448;8631;8833;14.52;27.87;28.47;29.14
East Staffordshire;E07000193;34665;6939;9035;7790;10901;20.02;26.06;22.47;31.45
Lichfield;E07000194;28477;8067;8761;5986;5663;28.33;30.77;21.02;19.89
Newcastle-under-Lyme;E07000195;37505;7103;10897;8753;10752;18.94;29.05;23.34;28.67
South Staffordshire;E07000196;30151;7446;9770;7269;5666;24.7;32.4;24.11;18.79
Stafford;E07000197;39474;10277;13019;7805;8373;26.03;32.98;19.77;21.21
Staffordshire Moorlands;E07000198;28629;5752;8138;7848;6891;20.09;28.43;27.41;24.07
Tamworth;E07000199;24150;3779;7211;5859;7301;15.65;29.86;24.26;30.23
North Warwickshire;E07000218;18501;3507;5500;4792;4702;18.96;29.73;25.9;25.41
Nuneaton and Bedworth;E07000219;38899;6047;10875;9809;12168;15.55;27.96;25.22;31.28
Rugby;E07000220;30725;7736;8746;6516;7727;25.18;28.47;21.21;25.15
Stratford-on-Avon;E07000221;34685;11212;10541;6959;5973;32.33;30.39;20.06;17.22
Warwick;E07000222;43511;15539;13715;6703;7554;35.71;31.52;15.41;17.36
Birmingham;E08000025;317964;57125;93445;58385;109009;17.97;29.39;18.36;34.28
Coventry;E08000026;97705;16258;30878;19204;31365;16.64;31.6;19.66;32.1
Dudley;E08000027;91569;15522;26548;23857;25642;16.95;28.99;26.05;28
Sandwell;E08000028;90113;10163;23991;22379;33580;11.28;26.62;24.83;37.26
Solihull;E08000029;59985;17152;18889;11074;12870;28.59;31.49;18.46;21.46
Walsall;E08000030;77589;10825;20139;19943;26682;13.95;25.96;25.7;34.39
Wolverhampton;E08000031;75303;10230;19944;17674;27455;13.59;26.49;23.47;36.46
Bromsgrove;E07000234;26344;8085;8532;5442;4285;30.69;32.39;20.66;16.27
Malvern Hills;E07000235;20810;6277;5911;4617;4005;30.16;28.4;22.19;19.25
Redditch;E07000236;26866;4795;7787;6570;7714;17.85;28.98;24.45;28.71
Worcester;E07000237;32204;7541;9868;6613;8182;23.42;30.64;20.53;25.41
Wychavon;E07000238;33355;8736;9944;7625;7050;26.19;29.81;22.86;21.14
Wyre Forest;E07000239;29567;5495;8379;7365;8328;18.58;28.34;24.91;28.17
Bedford;E06000055;47644;11709;14738;9538;11659;24.58;30.93;20.02;24.47
Central Bedfordshire;E06000056;78157;20363;25776;17945;14073;26.05;32.98;22.96;18.01
Luton;E06000032;58962;9054;17830;12497;19581;15.36;30.24;21.2;33.21
Peterborough;E06000031;57387;9850;16692;11907;18938;17.16;29.09;20.75;33
Southend-on-Sea;E06000033;54338;10829;18950;11589;12970;19.93;34.87;21.33;23.87
Thurrock;E06000034;48937;7345;15572;12547;13473;15.01;31.82;25.64;27.53
Cambridge;E07000008;36891;15399;10395;4467;6630;41.74;28.18;12.11;17.97
East Cambridgeshire;E07000009;25281;7103;7401;6063;4714;28.1;29.27;23.98;18.65
Fenland;E07000010;27968;3635;7396;7650;9287;13;26.44;27.35;33.21
Huntingdonshire;E07000011;51771;13717;16932;11133;9989;26.5;32.71;21.5;19.29
South Cambridgeshire;E07000012;43925;17150;12529;8064;6182;39.04;28.52;18.36;14.07
Basildon;E07000066;54181;9994;17678;12390;14119;18.45;32.63;22.87;26.06
Braintree;E07000067;45245;9482;14646;11342;9775;20.96;32.37;25.07;21.6
Brentwood;E07000068;21513;6923;7786;3705;3099;32.18;36.19;17.22;14.41
Castle Point;E07000069;24061;3973;8129;6614;5345;16.51;33.78;27.49;22.21
Chelmsford;E07000070;51369;14880;17910;9809;8770;28.97;34.87;19.1;17.07
Colchester;E07000071;53737;12556;18689;11008;11484;23.37;34.78;20.48;21.37
Epping Forest;E07000072;37184;9472;13496;7520;6696;25.47;36.3;20.22;18.01
Harlow;E07000073;26149;3900;8312;6385;7552;14.91;31.79;24.42;28.88
Maldon;E07000074;17851;4295;5610;4554;3392;24.06;31.43;25.51;19
Rochford;E07000075;22689;5227;8515;5366;3581;23.04;37.53;23.65;15.78
Tendring;E07000076;37597;5316;10773;9971;11537;14.14;28.65;26.52;30.69
Uttlesford;E07000077;22630;7368;7373;4659;3230;32.56;32.58;20.59;14.27
Broxbourne;E07000095;27496;5004;9133;6826;6533;18.2;33.22;24.83;23.76
Dacorum;E07000096;44802;13066;14778;8684;8274;29.16;32.99;19.38;18.47
East Hertfordshire;E07000242;42589;14262;14312;7895;6120;33.49;33.6;18.54;14.37
Hertsmere;E07000098;29132;8398;10231;5317;5186;28.83;35.12;18.25;17.8
North Hertfordshire;E07000099;39227;12944;12165;7133;6985;33;31.01;18.18;17.81
St Albans;E07000240;42109;19270;12348;5223;5268;45.76;29.32;12.4;12.51
Stevenage;E07000243;26825;5272;8665;6163;6725;19.65;32.3;22.97;25.07
Three Rivers;E07000102;25680;8500;8472;4868;3840;33.1;32.99;18.96;14.95
Watford;E07000103;29432;7964;9713;5862;5893;27.06;33;19.92;20.02
Welwyn Hatfield;E07000241;32382;8699;11162;6114;6407;26.86;34.47;18.88;19.79
Breckland;E07000143;36669;5864;10477;10161;10167;15.99;28.57;27.71;27.73
Broadland;E07000144;35618;7615;11797;9243;6963;21.38;33.12;25.95;19.55
Great Yarmouth;E07000145;28607;3214;7943;7281;10169;11.24;27.77;25.45;35.55
King's Lynn and West Norfolk;E07000146;41246;6581;11363;10973;12329;15.96;27.55;26.6;29.89
North Norfolk;E07000147;27154;4764;7369;7759;7262;17.54;27.14;28.57;26.74
Norwich;E07000148;46647;9574;14533;8506;14034;20.52;31.16;18.23;30.09
South Norfolk;E07000149;35673;8915;10862;8772;7124;24.99;30.45;24.59;19.97
Babergh;E07000200;25394;6062;7714;6204;5414;23.87;30.38;24.43;21.32
Forest Heath;E07000201;18942;2909;6939;4659;4435;15.36;36.63;24.6;23.41
Ipswich;E07000202;43839;7536;12358;10101;13844;17.19;28.19;23.04;31.58
Mid Suffolk;E07000203;27687;6838;8327;7128;5394;24.7;30.08;25.74;19.48
St Edmundsbury;E07000204;32251;7017;10037;7489;7708;21.76;31.12;23.22;23.9
Suffolk Coastal;E07000205;34890;9051;10959;7848;7032;25.94;31.41;22.49;20.15
Waveney;E07000206;32765;4828;8914;8988;10035;14.74;27.21;27.43;30.63
Camden;E09000007;80211;31486;27775;6713;14237;39.25;34.63;8.37;17.75
City of London;E09000001;3583;2184;1006;177;216;60.95;28.08;4.94;6.03
Hackney;E09000012;88887;23704;29551;11133;24499;26.67;33.25;12.52;27.56
Hammersmith and Fulham;E09000013;68641;26027;23269;6953;12392;37.92;33.9;10.13;18.05
Haringey;E09000014;86463;24139;27207;11903;23214;27.92;31.47;13.77;26.85
Islington;E09000019;80466;28479;26677;8024;17286;35.39;33.15;9.97;21.48
Kensington and Chelsea;E09000020;64613;28596;21907;4536;9574;44.26;33.9;7.02;14.82
Lambeth;E09000022;113682;36509;37402;14599;25172;32.12;32.9;12.84;22.14
Lewisham;E09000023;97800;25430;34337;15144;22889;26;35.11;15.48;23.4
Newham;E09000025;87908;14541;26271;16240;30856;16.54;29.88;18.47;35.1
Southwark;E09000028;104456;31487;34316;14140;24513;30.14;32.85;13.54;23.47
Tower Hamlets;E09000030;90210;29839;27404;8823;24144;33.08;30.38;9.78;26.76
Wandsworth;E09000032;111779;48387;35735;11066;16591;43.29;31.97;9.9;14.84
Westminster;E09000033;87452;36397;28414;6353;16288;41.62;32.49;7.26;18.63
Barking and Dagenham;E09000002;56123;6748;17094;13179;19102;12.02;30.46;23.48;34.04
Barnet;E09000003;105532;35019;34618;15167;20728;33.18;32.8;14.37;19.64
Bexley;E09000004;67839;12960;24910;15432;14537;19.1;36.72;22.75;21.43
Brent;E09000005;90299;19842;27299;16750;26408;21.97;30.23;18.55;29.25
Bromley;E09000006;96226;29640;35333;15666;15587;30.8;36.72;16.28;16.2
Croydon;E09000008;115988;27929;41671;20693;25695;24.08;35.93;17.84;22.15
Ealing;E09000009;101017;28354;30768;17827;24068;28.07;30.46;17.65;23.83
Enfield;E09000010;94435;20411;30327;16266;27431;21.61;32.11;17.22;29.05
Greenwich;E09000011;83243;20564;26366;14911;21402;24.7;31.67;17.91;25.71
Harrow;E09000015;63652;20556;19548;10456;13092;32.29;30.71;16.43;20.57
Havering;E09000016;69125;13047;24807;16376;14895;18.87;35.89;23.69;21.55
Hillingdon;E09000017;77364;17322;26549;16621;16872;22.39;34.32;21.48;21.81
Hounslow;E09000018;77407;19676;24586;14571;18574;25.42;31.76;18.82;24
Kingston upon Thames;E09000021;50282;18532;17439;6927;7384;36.86;34.68;13.78;14.69
Merton;E09000024;63417;22171;20208;9814;11224;34.96;31.87;15.48;17.7
Redbridge;E09000026;78263;21971;26053;12435;17804;28.07;33.29;15.89;22.75
Richmond upon Thames;E09000027;62440;30046;20070;6006;6318;48.12;32.14;9.62;10.12
Sutton;E09000029;60022;15010;21543;12641;10828;25.01;35.89;21.06;18.04
Waltham Forest;E09000031;79745;16567;26432;15173;21573;20.77;33.15;19.03;27.05
Bracknell Forest;E06000036;36551;10667;12515;7239;6130;29.18;34.24;19.81;16.77
Brighton and Hove;E06000043;96491;27570;36123;14553;18245;28.57;37.44;15.08;18.91
Isle of Wight;E06000046;39833;7255;11716;9894;10968;18.21;29.41;24.84;27.53
Medway;E06000035;81433;13472;26048;20646;21267;16.54;31.99;25.35;26.12
Milton Keynes;E06000042;80599;20449;25880;14740;19530;25.37;32.11;18.29;24.23
Portsmouth;E06000044;66498;12571;23073;13171;17683;18.9;34.7;19.81;26.59
Reading;E06000038;50998;15984;15282;8769;10963;31.34;29.97;17.19;21.5
Slough;E06000039;42637;7936;12608;9640;12453;18.61;29.57;22.61;29.21
Southampton;E06000045;77060;14541;24816;15743;21960;18.87;32.2;20.43;28.5
West Berkshire;E06000037;46971;15707;14417;9319;7528;33.44;30.69;19.84;16.03
Windsor and Maidenhead;E06000040;43095;16878;13875;6658;5684;39.16;32.2;15.45;13.19
Wokingham;E06000041;45331;19505;14236;6724;4866;43.03;31.4;14.83;10.73
Aylesbury Vale;E07000004;52701;15629;17494;10702;8876;29.66;33.19;20.31;16.84
Chiltern;E07000005;25444;10429;7883;3975;3157;40.99;30.98;15.62;12.41
South Bucks;E07000006;18331;6959;6125;3110;2137;37.96;33.41;16.97;11.66
Wycombe;E07000007;50524;16512;16014;9508;8490;32.68;31.7;18.82;16.8
Eastbourne;E07000061;30217;5653;10035;6630;7899;18.71;33.21;21.94;26.14
Hastings;E07000062;30978;4663;9699;7085;9531;15.05;31.31;22.87;30.77
Lewes;E07000063;27751;6989;9100;6189;5473;25.18;32.79;22.3;19.72
Rother;E07000064;24149;5402;7803;5806;5138;22.37;32.31;24.04;21.28
Wealden;E07000065;40748;11294;13225;9505;6724;27.72;32.46;23.33;16.5
Basingstoke and Deane;E07000084;53579;16520;16924;10487;9648;30.83;31.59;19.57;18.01
East Hampshire;E07000085;33197;10896;10163;6822;5316;32.82;30.61;20.55;16.01
Eastleigh;E07000086;38617;10409;12619;8632;6957;26.95;32.68;22.35;18.02
Fareham;E07000087;32107;9415;11301;6445;4946;29.32;35.2;20.07;15.4
Gosport;E07000088;26061;4319;8959;6234;6549;16.57;34.38;23.92;25.13
Hart;E07000089;26077;10549;8425;4308;2795;40.45;32.31;16.52;10.72
Havant;E07000090;34764;6948;9933;8534;9349;19.99;28.57;24.55;26.89
New Forest;E07000091;48603;11953;15224;11470;9956;24.59;31.32;23.6;20.48
Rushmoor;E07000092;29063;6547;9869;6794;5853;22.53;33.96;23.38;20.14
Test Valley;E07000093;34100;10236;10646;6967;6251;30.02;31.22;20.43;18.33
Winchester;E07000094;32957;13355;10016;5135;4451;40.52;30.39;15.58;13.51
Ashford;E07000105;34831;7777;10802;8184;8068;22.33;31.01;23.5;23.16
Canterbury;E07000106;42282;10437;14742;8470;8633;24.68;34.87;20.03;20.42
Dartford;E07000107;31165;5941;10811;7545;6868;19.06;34.69;24.21;22.04
Dover;E07000108;33481;5865;10627;7830;9159;17.52;31.74;23.39;27.36
Gravesham;E07000109;29859;5114;8850;7484;8411;17.13;29.64;25.06;28.17
Maidstone;E07000110;46566;11291;15532;10107;9636;24.25;33.35;21.7;20.69
Sevenoaks;E07000111;32837;10655;10402;6471;5309;32.45;31.68;19.71;16.17
Folkestone and Hythe;E07000112;32656;5947;10365;7740;8604;18.21;31.74;23.7;26.35
Swale;E07000113;40691;6950;12247;10343;11151;17.08;30.1;25.42;27.4
Thanet;E07000114;40530;6437;11909;9563;12621;15.88;29.38;23.59;31.14
Tonbridge and Malling;E07000115;34973;9724;11411;7448;6390;27.8;32.63;21.3;18.27
Tunbridge Wells;E07000116;34740;11316;10896;6447;6081;32.57;31.36;18.56;17.5
Cherwell;E07000177;42843;10908;13279;9325;9331;25.46;30.99;21.77;21.78
Oxford;E07000178;44186;15761;13250;5745;9430;35.67;29.99;13;21.34
South Oxfordshire;E07000179;38611;13936;11597;7320;5758;36.09;30.04;18.96;14.91
Vale of White Horse;E07000180;35540;12818;10380;6780;5562;36.07;29.21;19.08;15.65
West Oxfordshire;E07000181;30993;9367;9547;6909;5170;30.22;30.8;22.29;16.68
Elmbridge;E07000207;38863;17111;12350;5008;4394;44.03;31.78;12.89;11.31
Epsom and Ewell;E07000208;21582;7396;7596;3680;2910;34.27;35.2;17.05;13.48
Guildford;E07000209;40116;15231;12995;6473;5417;37.97;32.39;16.14;13.5
Mole Valley;E07000210;24383;9064;7874;4342;3103;37.17;32.29;17.81;12.73
Reigate and Banstead;E07000211;41091;13398;14371;7503;5819;32.61;34.97;18.26;14.16
Runnymede;E07000212;23852;6954;8762;4551;3585;29.15;36.73;19.08;15.03
Spelthorne;E07000213;28625;6974;10851;6116;4684;24.36;37.91;21.37;16.36
Surrey Heath;E07000214;24595;8886;8471;4212;3026;36.13;34.44;17.13;12.3
Tandridge;E07000215;23648;7667;8285;4576;3120;32.42;35.03;19.35;13.19
Waverley;E07000216;33996;13829;10145;5780;4242;40.68;29.84;17;12.48
Woking;E07000217;29931;11118;9170;4885;4758;37.15;30.64;16.32;15.9
Adur;E07000223;17981;3507;6043;4441;3990;19.5;33.61;24.7;22.19
Arun;E07000224;41194;8031;13191;9784;10188;19.5;32.02;23.75;24.73
Chichester;E07000225;31675;9122;9974;6685;5894;28.8;31.49;21.1;18.61
Crawley;E07000226;33782;5979;11438;7770;8595;17.7;33.86;23;25.44
Horsham;E07000227;38402;12477;12941;7483;5501;32.49;33.7;19.49;14.32
Mid Sussex;E07000228;41176;13068;14509;7808;5791;31.74;35.24;18.96;14.06
Worthing;E07000229;32923;7268;11650;6902;7103;22.08;35.39;20.96;21.57
Bath and North East Somerset;E06000022;52484;15645;17152;10085;9602;29.81;32.68;19.22;18.3
Bournemouth;E06000028;61089;12772;21500;12224;14593;20.91;35.19;20.01;23.89
Bristol, City of;E06000023;144567;37151;46511;25436;35469;25.7;32.17;17.59;24.53
Cornwall;E06000052;155291;28469;44497;42278;40047;18.33;28.65;27.23;25.79
Isles of Scilly;E06000053;658;116;207;216;119;17.63;31.46;32.83;18.09
North Somerset;E06000024;60967;15143;19399;13126;13299;24.84;31.82;21.53;21.81
Plymouth;E06000026;81639;12905;26958;18716;23060;15.81;33.02;22.93;28.25
Poole;E06000029;43730;10180;13843;10245;9462;23.28;31.66;23.43;21.64
South Gloucestershire;E06000025;78923;20402;25806;18159;14556;25.85;32.7;23.01;18.44
Swindon;E06000030;69313;15201;21011;14960;18141;21.93;30.31;21.58;26.17
Torbay;E06000027;39031;5791;11651;9561;12028;14.84;29.85;24.5;30.82
Wiltshire;E06000054;138858;37539;43342;30062;27915;27.03;31.21;21.65;20.1
East Devon;E07000040;34951;8039;10695;8825;7392;23;30.6;25.25;21.15
Exeter;E07000041;36866;8271;12829;7092;8674;22.44;34.8;19.24;23.53
Mid Devon;E07000042;22495;4741;6123;6405;5226;21.08;27.22;28.47;23.23
North Devon;E07000043;26663;4723;7428;7421;7091;17.71;27.86;27.83;26.59
South Hams;E07000044;23808;6511;7177;5725;4395;27.35;30.15;24.05;18.46
Teignbridge;E07000045;35515;8092;10901;8653;7869;22.78;30.69;24.36;22.16
Torridge;E07000046;18362;2788;4598;6026;4950;15.18;25.04;32.82;26.96
West Devon;E07000047;14895;3618;4129;3904;3244;24.29;27.72;26.21;21.78
Christchurch;E07000048;12117;2888;3831;2855;2543;23.83;31.62;23.56;20.99
East Dorset;E07000049;22250;6397;7117;5079;3657;28.75;31.99;22.83;16.44
North Dorset;E07000050;19078;4381;5557;5154;3986;22.96;29.13;27.02;20.89
Purbeck;E07000051;12323;2641;3766;3310;2606;21.43;30.56;26.86;21.15
West Dorset;E07000052;27338;6768;8050;6818;5702;24.76;29.45;24.94;20.86
Weymouth and Portland;E07000053;19606;3459;5913;5005;5229;17.64;30.16;25.53;26.67
Cheltenham;E07000078;38061;11108;13079;6140;7734;29.18;34.36;16.13;20.32
Cotswold;E07000079;24044;7308;7158;5350;4228;30.39;29.77;22.25;17.58
Forest of Dean;E07000080;23231;4712;6321;6441;5757;20.28;27.21;27.73;24.78
Gloucester;E07000081;38489;6750;12307;9082;10350;17.54;31.98;23.6;26.89
Stroud;E07000082;33412;9693;9329;7860;6530;29.01;27.92;23.52;19.54
Tewkesbury;E07000083;24307;6511;8024;5190;4582;26.79;33.01;21.35;18.85
Mendip;E07000187;32366;7514;8871;8256;7725;23.22;27.41;25.51;23.87
Sedgemoor;E07000188;33470;6256;8933;8787;9494;18.69;26.69;26.25;28.37
South Somerset;E07000189;46809;9829;12905;12825;11250;21;27.57;27.4;24.03
Taunton Deane;E07000190;32616;7217;10158;7470;7771;22.13;31.14;22.9;23.83
West Somerset;E07000191;9080;1603;2491;2560;2426;17.65;27.43;28.19;26.72
Isle of Anglesey;W06000001;20229;3509;5619;5220;5881;17.35;27.78;25.8;29.07
Gwynedd;W06000002;35330;6268;10271;9184;9607;17.74;29.07;25.99;27.19
Conwy;W06000003;32873;6014;9608;7995;9256;18.29;29.23;24.32;28.16
Denbighshire;W06000004;27412;4875;7611;6919;8007;17.78;27.77;25.24;29.21
Flintshire;W06000005;45780;8381;12616;11638;13145;18.31;27.56;25.42;28.71
Wrexham;W06000006;41786;6876;11206;9973;13731;16.46;26.82;23.87;32.86
Powys;W06000023;38367;7048;9934;11944;9441;18.37;25.89;31.13;24.61
Ceredigion;W06000008;21086;4128;6745;5506;4707;19.58;31.99;26.11;22.32
Pembrokeshire;W06000009;35622;5688;9445;10142;10347;15.97;26.51;28.47;29.05
Carmarthenshire;W06000010;53645;8876;14865;13997;15907;16.55;27.71;26.09;29.65
Swansea;W06000011;74725;13671;24991;14449;21614;18.3;33.44;19.34;28.92
Neath Port Talbot;W06000012;42719;5692;11441;10604;14982;13.32;26.78;24.82;35.07
Bridgend;W06000013;41938;6911;11839;9940;13248;16.48;28.23;23.7;31.59
Vale of Glamorgan;W06000014;38297;8987;12713;8030;8567;23.47;33.2;20.97;22.37
Cardiff;W06000015;111943;27977;39055;16939;27972;24.99;34.89;15.13;24.99
Rhondda Cynon Taff;W06000016;72529;10068;20428;17216;24817;13.88;28.17;23.74;34.22
Merthyr Tydfil;W06000024;17717;2005;4716;4088;6908;11.32;26.62;23.07;38.99
Caerphilly;W06000018;54473;7770;15190;13013;18500;14.26;27.89;23.89;33.96
Blaenau Gwent;W06000019;21761;2018;4935;5427;9381;9.27;22.68;24.94;43.11
Torfaen;W06000020;27514;4032;7595;6704;9183;14.65;27.6;24.37;33.38
Monmouthshire;W06000021;25838;7377;7288;5558;5615;28.55;28.21;21.51;21.73
Newport;W06000022;45143;7978;13534;9259;14372;17.67;29.98;20.51;31.84
